frame,timestamp,j1,j2,j3,j4,j5,j6,gripper,action_j1,action_j2,action_j3,action_j4,action_j5,action_j6,action_gripper
0,0.000000,-0.016990456730127335,0.006454280111938715,-0.004012119956314564,-0.01631014049053192,0.32850539684295654,0.026619544252753258,0.0,-0.016990456730127335,0.006454280111938715,-0.004012119956314564,-0.01631014049053192,0.32850539684295654,0.026619544252753258,0.0
1,0.033333,-0.016990456730127335,0.006454280111938715,-0.004012119956314564,-0.01631014049053192,0.32850539684295654,0.026619544252753258,0.0,-0.016990456730127335,0.006454280111938715,-0.004012119956314564,-0.01631014049053192,0.32850539684295654,0.026619544252753258,0.0
2,0.066667,-0.016990456730127335,0.006454280111938715,-0.004012119956314564,-0.01631014049053192,0.32850539684295654,0.026619544252753258,0.0,-0.016990456730127335,0.006454280111938715,-0.004012119956314564,-0.01631014049053192,0.32850539684295654,0.026619544252753258,0.0
3,0.100000,-0.016990456730127335,0.006454280111938715,-0.004012119956314564,-0.01631014049053192,0.32850539684295654,0.026619544252753258,0.0,-0.016990456730127335,0.006454280111938715,-0.004012119956314564,-0.01631014049053192,0.32850539684295654,0.026619544252753258,0.0
4,0.133333,-0.016990456730127335,0.006454280111938715,-0.004012119956314564,-0.01631014049053192,0.32850539684295654,0.026619544252753258,0.0,-0.016990456730127335,0.006454280111938715,-0.004012119956314564,-0.01631014049053192,0.320062518119812,0.026619544252753258,0.0
5,0.166667,-0.016990456730127335,0.006454280111938715,-0.004012119956314564,-0.01631014049053192,0.320062518119812,0.026619544252753258,0.0,-0.016990456730127335,0.006454280111938715,-0.004012119956314564,0.05979803204536438,0.13454556465148926,0.04762211814522743,0.0
6,0.200000,-0.016990456730127335,0.006454280111938715,-0.004012119956314564,0.05979803204536438,0.13454556465148926,0.04762211814522743,0.0,-0.016990456730127335,0.006454280111938715,-0.004012119956314564,0.05979803204536438,0.10637351125478745,0.04514507204294205,0.0
7,0.233333,-0.016990456730127335,0.006454280111938715,-0.004012119956314564,0.05979803204536438,0.10637351125478745,0.04514507204294205,0.0,-0.016990456730127335,0.006454280111938715,-0.004012119956314564,0.0525587722659111,0.103599913418293,0.032358620315790176,0.0
8,0.266667,-0.016990456730127335,0.006454280111938715,-0.004012119956314564,0.0525587722659111,0.103599913418293,0.032358620315790176,0.0,-0.016990456730127335,0.006454280111938715,-0.011321156285703182,0.045720722526311874,0.10878078639507294,0.01467040367424488,0.0
9,0.300000,-0.016990456730127335,0.006454280111938715,-0.011321156285703182,0.045720722526311874,0.10878078639507294,0.01467040367424488,0.0,-0.016990456730127335,0.006454280111938715,-0.026776539161801338,0.04216214641928673,0.11574093997478485,0.0,0.0
10,0.333333,-0.016990456730127335,0.006454280111938715,-0.026776539161801338,0.04216214641928673,0.11574093997478485,0.0,0.0,-0.016990456730127335,0.005756520200520754,-0.05343097075819969,0.04071429744362831,0.11820054054260254,-0.009751196019351482,0.0
11,0.366667,-0.016990456730127335,0.005756520200520754,-0.05343097075819969,0.04071429744362831,0.11820054054260254,-0.009751196019351482,0.0,-0.016990456730127335,0.005756520200520754,-0.07757347077131271,0.04071429744362831,0.11950884759426117,-0.014164527878165245,0.0
12,0.400000,-0.016990456730127335,0.005756520200520754,-0.07757347077131271,0.04071429744362831,0.11950884759426117,-0.014164527878165245,0.0,-0.016990456730127335,0.005756520200520754,-0.11652591824531555,0.04071429744362831,0.12214288860559464,-0.017757991328835487,0.0
13,0.433333,-0.016990456730127335,0.005756520200520754,-0.11652591824531555,0.04071429744362831,0.12214288860559464,-0.017757991328835487,0.0,-0.016990456730127335,0.01796731911599636,-0.14766345918178558,0.04071429744362831,0.1280040740966797,-0.01892673969268799,0.0
14,0.466667,-0.016990456730127335,0.01796731911599636,-0.14766345918178558,0.04071429744362831,0.1280040740966797,-0.01892673969268799,0.0,-0.016990456730127335,0.038900118321180344,-0.1922852098941803,0.04071429744362831,0.1317196488380432,-0.02047925628721714,0.0
15,0.500000,-0.016990456730127335,0.038900118321180344,-0.1922852098941803,0.04071429744362831,0.1317196488380432,-0.02047925628721714,0.0,-0.016990456730127335,0.06705473363399506,-0.22961537539958954,0.04010375589132309,0.136534184217453,-0.02047925628721714,0.0
16,0.533333,-0.016990456730127335,0.06705473363399506,-0.22961537539958954,0.04010375589132309,0.136534184217453,-0.02047925628721714,0.0,-0.016990456730127335,0.10089609771966934,-0.2613634467124939,0.038167472928762436,0.14080797135829926,-0.02047925628721714,0.0
17,0.566667,-0.016990456730127335,0.10089609771966934,-0.2613634467124939,0.038167472928762436,0.14080797135829926,-0.02047925628721714,0.0,-0.016990456730127335,0.13955199718475342,-0.30574098229408264,0.038167472928762436,0.14154061675071716,-0.02047925628721714,0.0
18,0.600000,-0.016990456730127335,0.13955199718475342,-0.30574098229408264,0.038167472928762436,0.14154061675071716,-0.02047925628721714,0.0,-0.016990456730127335,0.19003494083881378,-0.3444841206073761,0.038167472928762436,0.14330245554447174,-0.02808484062552452,0.0
19,0.633333,-0.016990456730127335,0.19003494083881378,-0.3444841206073761,0.038167472928762436,0.14330245554447174,-0.02808484062552452,0.0,-0.016990456730127335,0.2290571630001068,-0.3828085660934448,0.038167472928762436,0.14330245554447174,-0.03556831553578377,0.0
20,0.666667,-0.016990456730127335,0.2290571630001068,-0.3828085660934448,0.038167472928762436,0.14330245554447174,-0.03556831553578377,0.0,-0.016990456730127335,0.2871282398700714,-0.42104583978652954,0.038167472928762436,0.14403510093688965,-0.04388910531997681,0.0
21,0.700000,-0.016990456730127335,0.2871282398700714,-0.42104583978652954,0.038167472928762436,0.14403510093688965,-0.04388910531997681,0.0,-0.016990456730127335,0.3396521210670471,-0.46486514806747437,0.038167472928762436,0.14637260138988495,-0.06056556850671768,0.0
22,0.733333,-0.016990456730127335,0.3396521210670471,-0.46486514806747437,0.038167472928762436,0.14637260138988495,-0.06056556850671768,0.0,-0.016990456730127335,0.39273422956466675,-0.5015847682952881,0.038167472928762436,0.1483437716960907,-0.0823705643415451,0.0
23,0.766667,-0.016990456730127335,0.39273422956466675,-0.5015847682952881,0.038167472928762436,0.1483437716960907,-0.0823705643415451,0.0,-0.016990456730127335,0.44475221633911133,-0.5363681316375732,0.038167472928762436,0.1483437716960907,-0.10701894015073776,0.0
24,0.800000,-0.016990456730127335,0.44475221633911133,-0.5363681316375732,0.038167472928762436,0.1483437716960907,-0.10701894015073776,0.0,-0.016990456730127335,0.5014452338218689,-0.5672439932823181,0.038167472928762436,0.14148828387260437,-0.12571890652179718,0.0
25,0.833333,-0.016990456730127335,0.5014452338218689,-0.5672439932823181,0.038167472928762436,0.14148828387260437,-0.12571890652179718,0.0,-0.011478152126073837,0.5450552105903625,-0.5925378203392029,0.038167472928762436,0.12271854281425476,-0.14185461401939392,0.0
26,0.866667,-0.011478152126073837,0.5450552105903625,-0.5925378203392029,0.038167472928762436,0.12271854281425476,-0.14185461401939392,0.0,-0.003610908053815365,0.5836238861083984,-0.6115866303443909,0.038167472928762436,0.09201709926128387,-0.15439684689044952,0.0
27,0.900000,-0.003610908053815365,0.5836238861083984,-0.6115866303443909,0.038167472928762436,0.09201709926128387,-0.15439684689044952,0.0,0.00914065632969141,0.6176397204399109,-0.6192619800567627,0.038167472928762436,0.05761753022670746,-0.16121745109558105,0.0
28,0.933333,0.00914065632969141,0.6176397204399109,-0.6192619800567627,0.038167472928762436,0.05761753022670746,-0.16121745109558105,0.0,0.021927107125520706,0.6484981179237366,-0.6212331652641296,0.0376615971326828,0.02951524779200554,-0.16381660103797913,0.0
29,0.966667,0.021927107125520706,0.6484981179237366,-0.6212331652641296,0.0376615971326828,0.02951524779200554,-0.16381660103797913,0.0,0.03855124115943909,0.6815719604492188,-0.6212331652641296,0.0376615971326828,0.006960155908018351,-0.16756705939769745,0.0
30,1.000000,0.03855124115943909,0.6815719604492188,-0.6212331652641296,0.0376615971326828,0.006960155908018351,-0.16756705939769745,0.0,0.053169313818216324,0.7100231051445007,-0.6212331652641296,0.035603202879428864,-0.010710615664720535,-0.16915446519851685,0.0
31,1.033333,0.053169313818216324,0.7100231051445007,-0.6212331652641296,0.035603202879428864,-0.010710615664720535,-0.16915446519851685,0.0,0.0659732073545456,0.737846314907074,-0.6212331652641296,0.03202718496322632,-0.029148923233151436,-0.1718931794166565,0.0
32,1.066667,0.0659732073545456,0.737846314907074,-0.6212331652641296,0.03202718496322632,-0.029148923233151436,-0.1718931794166565,0.0,0.07860266417264938,0.7778977155685425,-0.6212331652641296,0.01859530434012413,-0.05376240983605385,-0.1741957813501358,0.0
33,1.100000,0.07860266417264938,0.7778977155685425,-0.6212331652641296,0.01859530434012413,-0.05376240983605385,-0.1741957813501358,0.0,0.0870630070567131,0.8085119724273682,-0.6212331652641296,0.01615314371883869,-0.06759549677371979,-0.1741957813501358,0.0
34,1.133333,0.0870630070567131,0.8085119724273682,-0.6212331652641296,0.01615314371883869,-0.06759549677371979,-0.1741957813501358,0.0,0.08906906098127365,0.8342592716217041,-0.6212331652641296,0.011547927744686604,-0.08284155279397964,-0.17604485154151917,0.0
35,1.166667,0.08906906098127365,0.8342592716217041,-0.6212331652641296,0.011547927744686604,-0.08284155279397964,-0.17604485154151917,0.0,0.0902901440858841,0.8640362024307251,-0.6212331652641296,0.01146070845425129,-0.10445467382669449,-0.1843656301498413,0.0
36,1.200000,0.0902901440858841,0.8640362024307251,-0.6212331652641296,0.01146070845425129,-0.10445467382669449,-0.1843656301498413,0.0,0.09187754988670349,0.8884578347206116,-0.6167325973510742,0.01146070845425129,-0.13707494735717773,-0.1921631097793579,0.0
37,1.233333,0.09187754988670349,0.8884578347206116,-0.6167325973510742,0.01146070845425129,-0.13707494735717773,-0.1921631097793579,0.0,0.09187754988670349,0.9112920165061951,-0.601015567779541,0.01146070845425129,-0.18265612423419952,-0.2017398625612259,0.0
38,1.266667,0.09187754988670349,0.9112920165061951,-0.601015567779541,0.01146070845425129,-0.18265612423419952,-0.2017398625612259,0.0,0.09187754988670349,0.9353123903274536,-0.5805886387825012,0.01146070845425129,-0.24541963636875153,-0.21688124537467957,0.0
39,1.300000,0.09187754988670349,0.9353123903274536,-0.5805886387825012,0.01146070845425129,-0.24541963636875153,-0.21688124537467957,0.0,0.09187754988670349,0.9520586133003235,-0.556725263595581,0.01146070845425129,-0.3027231693267822,-0.23329605162143707,0.0
40,1.333333,0.09187754988670349,0.9520586133003235,-0.556725263595581,0.01146070845425129,-0.3027231693267822,-0.23329605162143707,0.0,0.09187754988670349,0.9741427302360535,-0.5326002240180969,0.01146070845425129,-0.35749733448028564,-0.24625694751739502,0.0
41,1.366667,0.09187754988670349,0.9741427302360535,-0.5326002240180969,0.01146070845425129,-0.35749733448028564,-0.24625694751739502,0.0,0.09187754988670349,0.9912552833557129,-0.5125744938850403,0.01146070845425129,-0.40067124366760254,-0.2629857361316681,0.0
42,1.400000,0.09187754988670349,0.9912552833557129,-0.5125744938850403,0.01146070845425129,-0.40067124366760254,-0.2629857361316681,0.0,0.09187754988670349,1.0072863101959229,-0.49804365634918213,0.01146070845425129,-0.42886075377464294,-0.2769409418106079,0.0
43,1.433333,0.09187754988670349,1.0072863101959229,-0.49804365634918213,0.01146070845425129,-0.42886075377464294,-0.2769409418106079,0.0,0.09187754988670349,1.0226370096206665,-0.4913800358772278,0.01146070845425129,-0.4480665922164917,-0.29368719458580017,0.0017000000225380063
44,1.466667,0.09187754988670349,1.0226370096206665,-0.4913800358772278,0.01146070845425129,-0.4480665922164917,-0.29368719458580017,0.0017000000225380063,0.09187754988670349,1.0383541584014893,-0.4912753701210022,0.01146070845425129,-0.4550965130329132,-0.30727607011795044,0.006200000178068876
45,1.500000,0.09187754988670349,1.0383541584014893,-0.4912753701210022,0.01146070845425129,-0.4550965130329132,-0.30727607011795044,0.006200000178068876,0.09187754988670349,1.0500938892364502,-0.4912753701210022,0.01146070845425129,-0.4652663767337799,-0.31434088945388794,0.012799999676644802
46,1.533333,0.09187754988670349,1.0500938892364502,-0.4912753701210022,0.01146070845425129,-0.4652663767337799,-0.31434088945388794,0.012799999676644802,0.09187754988670349,1.0591299533843994,-0.4912753701210022,0.01583915203809738,-0.4699064791202545,-0.3223651051521301,0.022600000724196434
47,1.566667,0.09187754988670349,1.0591299533843994,-0.4912753701210022,0.01583915203809738,-0.4699064791202545,-0.3223651051521301,0.022600000724196434,0.09187754988670349,1.068305492401123,-0.4912753701210022,0.020147819072008133,-0.4714415371417999,-0.33607611060142517,0.03060000017285347
48,1.600000,0.09187754988670349,1.068305492401123,-0.4912753701210022,0.020147819072008133,-0.4714415371417999,-0.33607611060142517,0.03060000017285347,0.09187754988670349,1.0794695615768433,-0.4912753701210022,0.027561519294977188,-0.4714415371417999,-0.35043251514434814,0.04230000078678131
49,1.633333,0.09187754988670349,1.0794695615768433,-0.4912753701210022,0.027561519294977188,-0.4714415371417999,-0.35043251514434814,0.04230000078678131,0.09187754988670349,1.0922386646270752,-0.4912753701210022,0.035132214426994324,-0.4714415371417999,-0.36199790239334106,0.050599999725818634
50,1.666667,0.09187754988670349,1.0922386646270752,-0.4912753701210022,0.035132214426994324,-0.4714415371417999,-0.36199790239334106,0.050599999725818634,0.09187754988670349,1.1041877269744873,-0.4912753701210022,0.05550680682063103,-0.4714415371417999,-0.3820933699607849,0.06120000034570694
51,1.700000,0.09187754988670349,1.1041877269744873,-0.4912753701210022,0.05550680682063103,-0.4714415371417999,-0.3820933699607849,0.06120000034570694,0.09187754988670349,1.1177592277526855,-0.4912753701210022,0.07408466935157776,-0.4714415371417999,-0.39726966619491577,0.06849999725818634
52,1.733333,0.09187754988670349,1.1177592277526855,-0.4912753701210022,0.07408466935157776,-0.4714415371417999,-0.39726966619491577,0.06849999725818634,0.09187754988670349,1.1348543167114258,-0.4912753701210022,0.08898184448480606,-0.4714415371417999,-0.40853849053382874,0.07460000365972519
53,1.766667,0.09187754988670349,1.1348543167114258,-0.4912753701210022,0.08898184448480606,-0.4714415371417999,-0.40853849053382874,0.07460000365972519,0.09187754988670349,1.1510249376296997,-0.4912753701210022,0.09426737576723099,-0.4714415371417999,-0.42092370986938477,0.07769999653100967
54,1.800000,0.09187754988670349,1.1510249376296997,-0.4912753701210022,0.09426737576723099,-0.4714415371417999,-0.42092370986938477,0.07769999653100967,0.09187754988670349,1.170230746269226,-0.4912753701210022,0.09850626438856125,-0.4714415371417999,-0.4246044158935547,0.0786999985575676
55,1.833333,0.09187754988670349,1.170230746269226,-0.4912753701210022,0.09850626438856125,-0.4714415371417999,-0.4246044158935547,0.0786999985575676,0.09187754988670349,1.1872037649154663,-0.4912753701210022,0.10103564709424973,-0.47827959060668945,-0.4260348081588745,0.07919999957084656
56,1.866667,0.09187754988670349,1.1872037649154663,-0.4912753701210022,0.10103564709424973,-0.47827959060668945,-0.4260348081588745,0.07919999957084656,0.09187754988670349,1.2040895223617554,-0.4912753701210022,0.10103564709424973,-0.4872632622718811,-0.4269419014453888,0.07940000295639038
57,1.900000,0.09187754988670349,1.2040895223617554,-0.4912753701210022,0.10103564709424973,-0.4872632622718811,-0.4269419014453888,0.07940000295639038,0.09187754988670349,1.2201380729675293,-0.4912753701210022,0.1027451604604721,-0.49954381585121155,-0.4284595251083374,0.07940000295639038
58,1.933333,0.09187754988670349,1.2201380729675293,-0.4912753701210022,0.1027451604604721,-0.49954381585121155,-0.4284595251083374,0.07940000295639038,0.09187754988670349,1.237983226776123,-0.4912753701210022,0.1027451604604721,-0.5119988322257996,-0.4284595251083374,0.07940000295639038
59,1.966667,0.09187754988670349,1.237983226776123,-0.4912753701210022,0.1027451604604721,-0.5119988322257996,-0.4284595251083374,0.07940000295639038,0.09187754988670349,1.2529152631759644,-0.4912753701210022,0.1027451604604721,-0.5290416479110718,-0.4284595251083374,0.07940000295639038
60,2.000000,0.09187754988670349,1.2529152631759644,-0.4912753701210022,0.1027451604604721,-0.5290416479110718,-0.4284595251083374,0.07940000295639038,0.09187754988670349,1.2679868936538696,-0.4912753701210022,0.1027451604604721,-0.5454390048980713,-0.4284595251083374,0.07940000295639038
61,2.033333,0.09187754988670349,1.2679868936538696,-0.4912753701210022,0.1027451604604721,-0.5454390048980713,-0.4284595251083374,0.07940000295639038,0.09187754988670349,1.2825525999069214,-0.4912753701210022,0.1027451604604721,-0.5666508674621582,-0.4291747212409973,0.07940000295639038
62,2.066667,0.09187754988670349,1.2825525999069214,-0.4912753701210022,0.1027451604604721,-0.5666508674621582,-0.4291747212409973,0.07940000295639038,0.09187754988670349,1.298827886581421,-0.4912753701210022,0.1027451604604721,-0.5846356749534607,-0.4339194893836975,0.07940000295639038
63,2.100000,0.09187754988670349,1.298827886581421,-0.4912753701210022,0.1027451604604721,-0.5846356749534607,-0.4339194893836975,0.07940000295639038,0.09187754988670349,1.3115620613098145,-0.4912753701210022,0.1027451604604721,-0.6000038385391235,-0.43353572487831116,0.07940000295639038
64,2.133333,0.09187754988670349,1.3115620613098145,-0.4912753701210022,0.1027451604604721,-0.6000038385391235,-0.43353572487831116,0.07940000295639038,0.09187754988670349,1.3254997730255127,-0.4912753701210022,0.09683164209127426,-0.6138718128204346,-0.43353572487831116,0.07940000295639038
65,2.166667,0.09187754988670349,1.3254997730255127,-0.4912753701210022,0.09683164209127426,-0.6138718128204346,-0.43353572487831116,0.07940000295639038,0.09187754988670349,1.3350067138671875,-0.4912753701210022,0.08962727338075638,-0.6197329759597778,-0.43353572487831116,0.07940000295639038
66,2.200000,0.09187754988670349,1.3350067138671875,-0.4912753701210022,0.08962727338075638,-0.6197329759597778,-0.43353572487831116,0.07940000295639038,0.09187754988670349,1.3481769561767578,-0.4912753701210022,0.07860266417264938,-0.6222798228263855,-0.43439048528671265,0.07940000295639038
67,2.233333,0.09187754988670349,1.3481769561767578,-0.4912753701210022,0.07860266417264938,-0.6222798228263855,-0.43439048528671265,0.07940000295639038,0.09187754988670349,1.3585561513900757,-0.49338608980178833,0.0714157372713089,-0.6217564940452576,-0.43606510758399963,0.07940000295639038
68,2.266667,0.09187754988670349,1.3585561513900757,-0.49338608980178833,0.0714157372713089,-0.6217564940452576,-0.43606510758399963,0.07940000295639038,0.09187754988670349,1.3699994087219238,-0.49779942631721497,0.06897357851266861,-0.6217564940452576,-0.4337799549102783,0.07940000295639038
69,2.300000,0.09187754988670349,1.3699994087219238,-0.49779942631721497,0.06897357851266861,-0.6217564940452576,-0.4337799549102783,0.07940000295639038,0.09187754988670349,1.3779364824295044,-0.5052480101585388,0.06653141230344772,-0.6217564940452576,-0.42809319496154785,0.07940000295639038
70,2.333333,0.09187754988670349,1.3779364824295044,-0.5052480101585388,0.06653141230344772,-0.6217564940452576,-0.42809319496154785,0.07940000295639038,0.09629087895154953,1.3890831470489502,-0.513411819934845,0.06464746594429016,-0.6252104043960571,-0.42561614513397217,0.07940000295639038
71,2.366667,0.09629087895154953,1.3890831470489502,-0.513411819934845,0.06464746594429016,-0.6252104043960571,-0.42561614513397217,0.07940000295639038,0.10468144714832306,1.399375081062317,-0.5230932235717773,0.06464746594429016,-0.6275304555892944,-0.42561614513397217,0.07940000295639038
72,2.400000,0.10468144714832306,1.399375081062317,-0.5230932235717773,0.06464746594429016,-0.6275304555892944,-0.42561614513397217,0.07940000295639038,0.11017630249261856,1.40998113155365,-0.5333677530288696,0.06464746594429016,-0.6275304555892944,-0.42561614513397217,0.07940000295639038
73,2.433333,0.11017630249261856,1.40998113155365,-0.5333677530288696,0.06464746594429016,-0.6275304555892944,-0.42561614513397217,0.07940000295639038,0.11697946488857269,1.4215813875198364,-0.5432759523391724,0.06464746594429016,-0.6275304555892944,-0.42561614513397217,0.07940000295639038
74,2.466667,0.11697946488857269,1.4215813875198364,-0.5432759523391724,0.06464746594429016,-0.6275304555892944,-0.42561614513397217,0.07940000295639038,0.1185494214296341,1.4316813945770264,-0.5542133450508118,0.06299028545618057,-0.6275304555892944,-0.42561614513397217,0.07940000295639038
75,2.500000,0.1185494214296341,1.4316813945770264,-0.5542133450508118,0.06299028545618057,-0.6275304555892944,-0.42561614513397217,0.07940000295639038,0.1208171471953392,1.4406999349594116,-0.5640692114830017,0.06299028545618057,-0.6275304555892944,-0.42347055673599243,0.07940000295639038
76,2.533333,0.1208171471953392,1.4406999349594116,-0.5640692114830017,0.06299028545618057,-0.6275304555892944,-0.42347055673599243,0.07940000295639038,0.1208171471953392,1.450852394104004,-0.5785127878189087,0.06299028545618057,-0.6275304555892944,-0.42167380452156067,0.07940000295639038
77,2.566667,0.1208171471953392,1.450852394104004,-0.5785127878189087,0.06299028545618057,-0.6275304555892944,-0.42167380452156067,0.07940000295639038,0.1208171471953392,1.4636213779449463,-0.5877581238746643,0.06299028545618057,-0.6289085149765015,-0.42181336879730225,0.07940000295639038
78,2.600000,0.1208171471953392,1.4636213779449463,-0.5877581238746643,0.06299028545618057,-0.6289085149765015,-0.42181336879730225,0.07940000295639038,0.1208171471953392,1.4757798910140991,-0.6001259088516235,0.06299028545618057,-0.6289085149765015,-0.42181336879730225,0.07940000295639038
79,2.633333,0.1208171471953392,1.4757798910140991,-0.6001259088516235,0.06299028545618057,-0.6289085149765015,-0.42181336879730225,0.07940000295639038,0.1208171471953392,1.4896303415298462,-0.610417902469635,0.06299028545618057,-0.6289085149765015,-0.41961541771888733,0.07940000295639038
80,2.666667,0.1208171471953392,1.4896303415298462,-0.610417902469635,0.06299028545618057,-0.6289085149765015,-0.41961541771888733,0.07940000295639038,0.1208171471953392,1.5061498880386353,-0.622768223285675,0.06299028545618057,-0.6289085149765015,-0.41961541771888733,0.07940000295639038
81,2.700000,0.1208171471953392,1.5061498880386353,-0.622768223285675,0.06299028545618057,-0.6289085149765015,-0.41961541771888733,0.07940000295639038,0.1208171471953392,1.5210645198822021,-0.6342289447784424,0.06299028545618057,-0.6289085149765015,-0.41961541771888733,0.07940000295639038
82,2.733333,0.1208171471953392,1.5210645198822021,-0.6342289447784424,0.06299028545618057,-0.6289085149765015,-0.41961541771888733,0.07940000295639038,0.1208171471953392,1.5359092950820923,-0.6483237147331238,0.06299028545618057,-0.6289085149765015,-0.41961541771888733,0.07940000295639038
83,2.766667,0.1208171471953392,1.5359092950820923,-0.6483237147331238,0.06299028545618057,-0.6289085149765015,-0.41961541771888733,0.07940000295639038,0.1208171471953392,1.5507192611694336,-0.6613718271255493,0.06299028545618057,-0.6289085149765015,-0.41961541771888733,0.07900000363588333
84,2.800000,0.1208171471953392,1.5507192611694336,-0.6613718271255493,0.06299028545618057,-0.6289085149765015,-0.41961541771888733,0.07900000363588333,0.1208171471953392,1.5668723583221436,-0.6740012764930725,0.06299028545618057,-0.6289085149765015,-0.41961541771888733,0.07750000059604645
85,2.833333,0.1208171471953392,1.5668723583221436,-0.6740012764930725,0.06299028545618057,-0.6289085149765015,-0.41961541771888733,0.07750000059604645,0.1208171471953392,1.5795018672943115,-0.6850782036781311,0.06299028545618057,-0.6289085149765015,-0.41961541771888733,0.07440000027418137
86,2.866667,0.1208171471953392,1.5795018672943115,-0.6850782036781311,0.06299028545618057,-0.6289085149765015,-0.41961541771888733,0.07440000027418137,0.1208171471953392,1.5919568538665771,-0.6953178644180298,0.06299028545618057,-0.6289085149765015,-0.41961541771888733,0.06870000064373016
87,2.900000,0.1208171471953392,1.5919568538665771,-0.6953178644180298,0.06299028545618057,-0.6289085149765015,-0.41961541771888733,0.06870000064373016,0.1208171471953392,1.6026326417922974,-0.7014755606651306,0.06094933673739433,-0.6289085149765015,-0.41961541771888733,0.062199998646974564
88,2.933333,0.1208171471953392,1.6026326417922974,-0.7014755606651306,0.06094933673739433,-0.6289085149765015,-0.41961541771888733,0.062199998646974564,0.1208171471953392,1.6123663187026978,-0.7067087888717651,0.06094933673739433,-0.6289085149765015,-0.41961541771888733,0.05460000038146973
89,2.966667,0.1208171471953392,1.6123663187026978,-0.7067087888717651,0.06094933673739433,-0.6289085149765015,-0.41961541771888733,0.05460000038146973,0.1208171471953392,1.619221806526184,-0.7137386798858643,0.06094933673739433,-0.6313681602478027,-0.41961541771888733,0.04910000041127205
90,3.000000,0.1208171471953392,1.619221806526184,-0.7137386798858643,0.06094933673739433,-0.6313681602478027,-0.41961541771888733,0.04910000041127205,0.12256154417991638,1.6233909130096436,-0.7166518568992615,0.06094933673739433,-0.6341940760612488,-0.41961541771888733,0.04910000041127205
91,3.033333,0.12256154417991638,1.6233909130096436,-0.7166518568992615,0.06094933673739433,-0.6341940760612488,-0.41961541771888733,0.04910000041127205,0.12456760555505753,1.6238619089126587,-0.7182915806770325,0.06094933673739433,-0.6341940760612488,-0.41961541771888733,0.04910000041127205
92,3.066667,0.12456760555505753,1.6238619089126587,-0.7182915806770325,0.06094933673739433,-0.6341940760612488,-0.41961541771888733,0.04910000041127205,0.12620733678340912,1.6238619089126587,-0.7203848958015442,0.06094933673739433,-0.6341940760612488,-0.4216040372848511,0.04910000041127205
93,3.100000,0.12620733678340912,1.6238619089126587,-0.7203848958015442,0.06094933673739433,-0.6341940760612488,-0.4216040372848511,0.04910000041127205,0.13039390742778778,1.6256587505340576,-0.7203848958015442,0.06094933673739433,-0.6357291340827942,-0.4261394739151001,0.04910000041127205
94,3.133333,0.13039390742778778,1.6256587505340576,-0.7203848958015442,0.06094933673739433,-0.6357291340827942,-0.4261394739151001,0.04910000041127205,0.1341966986656189,1.6243155002593994,-0.7203848958015442,0.06271117925643921,-0.6381189823150635,-0.4286165237426758,0.04910000041127205
95,3.166667,0.1341966986656189,1.6243155002593994,-0.7203848958015442,0.06271117925643921,-0.6381189823150635,-0.4286165237426758,0.04910000041127205,0.14101730287075043,1.6243155002593994,-0.7203848958015442,0.06506612151861191,-0.6428637504577637,-0.43683263659477234,0.04910000041127205
96,3.200000,0.14101730287075043,1.6243155002593994,-0.7203848958015442,0.06506612151861191,-0.6428637504577637,-0.43683263659477234,0.04910000041127205,0.1474715769290924,1.6243155002593994,-0.7246412038803101,0.0784979984164238,-0.6428637504577637,-0.4488515555858612,0.04910000041127205
97,3.233333,0.1474715769290924,1.6243155002593994,-0.7246412038803101,0.0784979984164238,-0.6428637504577637,-0.4488515555858612,0.04910000041127205,0.15947304666042328,1.616605281829834,-0.7299790382385254,0.09608155488967896,-0.6428637504577637,-0.46336495876312256,0.04910000041127205
98,3.266667,0.15947304666042328,1.616605281829834,-0.7299790382385254,0.09608155488967896,-0.6428637504577637,-0.46336495876312256,0.04910000041127205,0.17246882617473602,1.6102032661437988,-0.7380207777023315,0.11697946488857269,-0.6347348093986511,-0.48054730892181396,0.04910000041127205
99,3.300000,0.17246882617473602,1.6102032661437988,-0.7380207777023315,0.11697946488857269,-0.6347348093986511,-0.48054730892181396,0.04910000041127205,0.18970349431037903,1.5967888832092285,-0.7513304948806763,0.1444014310836792,-0.6206400990486145,-0.5019685626029968,0.04899999871850014
100,3.333333,0.18970349431037903,1.5967888832092285,-0.7513304948806763,0.1444014310836792,-0.6206400990486145,-0.5019685626029968,0.04899999871850014,0.20993854105472565,1.5840373039245605,-0.7667684555053711,0.18068495392799377,-0.5990443825721741,-0.530175507068634,0.04899999871850014
101,3.366667,0.20993854105472565,1.5840373039245605,-0.7667684555053711,0.18068495392799377,-0.5990443825721741,-0.530175507068634,0.04899999871850014,0.23280762135982513,1.571198582649231,-0.7886083722114563,0.224451944231987,-0.5708723664283752,-0.56494140625,0.04899999871850014
102,3.400000,0.23280762135982513,1.571198582649231,-0.7886083722114563,0.224451944231987,-0.5708723664283752,-0.56494140625,0.04899999871850014,0.26160767674446106,1.5596680641174316,-0.8067326545715332,0.27603384852409363,-0.5404849052429199,-0.6050276756286621,0.04879999905824661
103,3.433333,0.26160767674446106,1.5596680641174316,-0.8067326545715332,0.27603384852409363,-0.5404849052429199,-0.6050276756286621,0.04879999905824661,0.2823137044906616,1.5497249364852905,-0.8339278697967529,0.33225587010383606,-0.5089112520217896,-0.6469281911849976,0.04879999905824661
104,3.466667,0.2823137044906616,1.5497249364852905,-0.8339278697967529,0.33225587010383606,-0.5089112520217896,-0.6469281911849976,0.04879999905824661,0.3122650384902954,1.5416134595870972,-0.8578784465789795,0.398665189743042,-0.47674453258514404,-0.6977599859237671,0.04879999905824661
105,3.500000,0.3122650384902954,1.5416134595870972,-0.8578784465789795,0.398665189743042,-0.47674453258514404,-0.6977599859237671,0.04879999905824661,0.3392334580421448,1.5365896224975586,-0.8814104199409485,0.4543464183807373,-0.4527764618396759,-0.745661199092865,0.04879999905824661
106,3.533333,0.3392334580421448,1.5365896224975586,-0.8814104199409485,0.4543464183807373,-0.4527764618396759,-0.745661199092865,0.04879999905824661,0.36777186393737793,1.5344265699386597,-0.9020990133285522,0.5092950463294983,-0.43594300746917725,-0.7948358654975891,0.04879999905824661
107,3.566667,0.36777186393737793,1.5344265699386597,-0.9020990133285522,0.5092950463294983,-0.43594300746917725,-0.7948358654975891,0.04879999905824661,0.3970952033996582,1.5344265699386597,-0.9195255637168884,0.5617665648460388,-0.4267674684524536,-0.8428242802619934,0.04879999905824661
108,3.600000,0.3970952033996582,1.5344265699386597,-0.9195255637168884,0.5617665648460388,-0.4267674684524536,-0.8428242802619934,0.04879999905824661,0.42743033170700073,1.5344265699386597,-0.9334110021591187,0.6105923056602478,-0.42163893580436707,-0.8867831826210022,0.04879999905824661
109,3.633333,0.42743033170700073,1.5344265699386597,-0.9334110021591187,0.6105923056602478,-0.42163893580436707,-0.8867831826210022,0.04879999905824661,0.45720723271369934,1.5344265699386597,-0.944801926612854,0.6535045504570007,-0.4174523651599884,-0.9273753762245178,0.04879999905824661
110,3.666667,0.45720723271369934,1.5344265699386597,-0.944801926612854,0.6535045504570007,-0.4174523651599884,-0.9273753762245178,0.04879999905824661,0.48616427183151245,1.5344265699386597,-0.9564021825790405,0.6921953558921814,-0.4174523651599884,-0.9643217921257019,0.04879999905824661
111,3.700000,0.48616427183151245,1.5344265699386597,-0.9564021825790405,0.6921953558921814,-0.4174523651599884,-0.9643217921257019,0.04879999905824661,0.5133943557739258,1.5344265699386597,-0.9619668126106262,0.7219896912574768,-0.4152020812034607,-0.9956686496734619,0.04879999905824661
112,3.733333,0.5133943557739258,1.5344265699386597,-0.9619668126106262,0.7219896912574768,-0.4152020812034607,-0.9956686496734619,0.04879999905824661,0.5379729866981506,1.539258599281311,-0.974317193031311,0.7510339617729187,-0.41251569986343384,-1.0201425552368164,0.04879999905824661
113,3.766667,0.5379729866981506,1.539258599281311,-0.974317193031311,0.7510339617729187,-0.41251569986343384,-1.0201425552368164,0.04879999905824661,0.5603885054588318,1.5480154752731323,-0.9820797443389893,0.7684081792831421,-0.41251569986343384,-1.0385459661483765,0.04879999905824661
114,3.800000,0.5603885054588318,1.5480154752731323,-0.9820797443389893,0.7684081792831421,-0.41251569986343384,-1.0385459661483765,0.04879999905824661,0.5831180214881897,1.561848521232605,-0.9940986633300781,0.7844043374061584,-0.41251569986343384,-1.0532512664794922,0.04879999905824661
115,3.833333,0.5831180214881897,1.561848521232605,-0.9940986633300781,0.7844043374061584,-0.41251569986343384,-1.0532512664794922,0.04879999905824661,0.6016784310340881,1.582938313484192,-1.0031521320343018,0.7962837219238281,-0.42116793990135193,-1.0574727058410645,0.04879999905824661
116,3.866667,0.6016784310340881,1.582938313484192,-1.0031521320343018,0.7962837219238281,-0.42116793990135193,-1.0574727058410645,0.04879999905824661,0.6191573143005371,1.6038362979888916,-1.0153454542160034,0.8031915426254272,-0.4339020550251007,-1.0620256662368774,0.04879999905824661
117,3.900000,0.6191573143005371,1.6038362979888916,-1.0153454542160034,0.8031915426254272,-0.4339020550251007,-1.0620256662368774,0.04879999905824661,0.6391481757164001,1.630071997642517,-1.0279749631881714,0.8052499294281006,-0.4535963237285614,-1.0658981800079346,0.04879999905824661
118,3.933333,0.6391481757164001,1.630071997642517,-1.0279749631881714,0.8052499294281006,-0.4535963237285614,-1.0658981800079346,0.04879999905824661,0.6561385989189148,1.653342366218567,-1.0413544178009033,0.8052499294281006,-0.47595953941345215,-1.0691428184509277,0.048700001090765
119,3.966667,0.6561385989189148,1.653342366218567,-1.0413544178009033,0.8052499294281006,-0.47595953941345215,-1.0691428184509277,0.048700001090765,0.6733209490776062,1.6764382123947144,-1.0505125522613525,0.8056860566139221,-0.5006777048110962,-1.0710790157318115,0.048700001090765
120,4.000000,0.6733209490776062,1.6764382123947144,-1.0505125522613525,0.8056860566139221,-0.5006777048110962,-1.0710790157318115,0.048700001090765,0.69020676612854,1.6991677284240723,-1.0594613552093506,0.8056860566139221,-0.5298266410827637,-1.0710790157318115,0.04859999939799309
121,4.033333,0.69020676612854,1.6991677284240723,-1.0594613552093506,0.8056860566139221,-0.5298266410827637,-1.0710790157318115,0.04859999939799309,0.704859733581543,1.7202575206756592,-1.0687241554260254,0.8075176477432251,-0.5574055910110474,-1.0710790157318115,0.048500001430511475
122,4.066667,0.704859733581543,1.7202575206756592,-1.0687241554260254,0.8075176477432251,-0.5574055910110474,-1.0710790157318115,0.048500001430511475,0.7179078459739685,1.738591194152832,-1.072230339050293,0.8075176477432251,-0.5809898376464844,-1.0710790157318115,0.048500001430511475
123,4.100000,0.7179078459739685,1.738591194152832,-1.072230339050293,0.8075176477432251,-0.5809898376464844,-1.0710790157318115,0.048500001430511475,0.7270833849906921,1.7541512250900269,-1.0779868364334106,0.8075176477432251,-0.5986431837081909,-1.072614073753357,0.048500001430511475
124,4.133333,0.7270833849906921,1.7541512250900269,-1.0779868364334106,0.8075176477432251,-0.5986431837081909,-1.072614073753357,0.048500001430511475,0.7346017360687256,1.7669551372528076,-1.081562876701355,0.8075176477432251,-0.605742871761322,-1.0751957893371582,0.048500001430511475
125,4.166667,0.7346017360687256,1.7669551372528076,-1.081562876701355,0.8075176477432251,-0.605742871761322,-1.0751957893371582,0.048500001430511475,0.739032506942749,1.7773168087005615,-1.0837956666946411,0.8075176477432251,-0.6128251552581787,-1.0810221433639526,0.048500001430511475
126,4.200000,0.739032506942749,1.7773168087005615,-1.0837956666946411,0.8075176477432251,-0.6128251552581787,-1.0810221433639526,0.048500001430511475,0.739555835723877,1.7859166860580444,-1.0854878425598145,0.8075176477432251,-0.6146218776702881,-1.0835340023040771,0.048500001430511475
127,4.233333,0.739555835723877,1.7859166860580444,-1.0854878425598145,0.8075176477432251,-0.6146218776702881,-1.0835340023040771,0.048500001430511475,0.739555835723877,1.7921617031097412,-1.0854878425598145,0.8075176477432251,-0.6165755987167358,-1.0873193740844727,0.048500001430511475
128,4.266667,0.739555835723877,1.7921617031097412,-1.0854878425598145,0.8075176477432251,-0.6165755987167358,-1.0873193740844727,0.048500001430511475,0.739555835723877,1.7965924739837646,-1.0854878425598145,0.8075176477432251,-0.6187386512756348,-1.08939528465271,0.048500001430511475
129,4.300000,0.739555835723877,1.7965924739837646,-1.0854878425598145,0.8075176477432251,-0.6187386512756348,-1.08939528465271,0.048500001430511475,0.739555835723877,1.798389196395874,-1.0854878425598145,0.8075176477432251,-0.6201865077018738,-1.0909651517868042,0.048500001430511475
130,4.333333,0.739555835723877,1.798389196395874,-1.0854878425598145,0.8075176477432251,-0.6201865077018738,-1.0909651517868042,0.048500001430511475,0.739555835723877,1.8007789850234985,-1.0854878425598145,0.8075176477432251,-0.6201865077018738,-1.0909651517868042,0.048500001430511475
131,4.366667,0.739555835723877,1.8007789850234985,-1.0854878425598145,0.8075176477432251,-0.6201865077018738,-1.0909651517868042,0.048500001430511475,0.739555835723877,1.8007789850234985,-1.0854878425598145,0.8120182156562805,-0.6201865077018738,-1.0909651517868042,0.048500001430511475
132,4.400000,0.739555835723877,1.8007789850234985,-1.0854878425598145,0.8120182156562805,-0.6201865077018738,-1.0909651517868042,0.048500001430511475,0.739555835723877,1.8028723001480103,-1.0854878425598145,0.8141812682151794,-0.6201865077018738,-1.0909651517868042,0.048500001430511475
133,4.433333,0.739555835723877,1.8028723001480103,-1.0854878425598145,0.8141812682151794,-0.6201865077018738,-1.0909651517868042,0.048500001430511475,0.739555835723877,1.8028723001480103,-1.0854878425598145,0.8216647505760193,-0.6201865077018738,-1.0909651517868042,0.04899999871850014
134,4.466667,0.739555835723877,1.8028723001480103,-1.0854878425598145,0.8216647505760193,-0.6201865077018738,-1.0909651517868042,0.04899999871850014,0.739555835723877,1.8028723001480103,-1.0854878425598145,0.8242464661598206,-0.6201865077018738,-1.0909651517868042,0.05169999971985817
135,4.500000,0.739555835723877,1.8028723001480103,-1.0854878425598145,0.8242464661598206,-0.6201865077018738,-1.0909651517868042,0.05169999971985817,0.739555835723877,1.8028723001480103,-1.0854878425598145,0.8264095187187195,-0.6201865077018738,-1.0909651517868042,0.05510000139474869
136,4.533333,0.739555835723877,1.8028723001480103,-1.0854878425598145,0.8264095187187195,-0.6201865077018738,-1.0909651517868042,0.05510000139474869,0.739555835723877,1.8028723001480103,-1.0854878425598145,0.8278224468231201,-0.6201865077018738,-1.0909651517868042,0.05889999866485596
137,4.566667,0.739555835723877,1.8028723001480103,-1.0854878425598145,0.8278224468231201,-0.6201865077018738,-1.0909651517868042,0.05889999866485596,0.739555835723877,1.8028723001480103,-1.0854878425598145,0.8278224468231201,-0.6201865077018738,-1.0909651517868042,0.06300000101327896
138,4.600000,0.739555835723877,1.8028723001480103,-1.0854878425598145,0.8278224468231201,-0.6201865077018738,-1.0909651517868042,0.06300000101327896,0.739555835723877,1.8028723001480103,-1.0854878425598145,0.8278224468231201,-0.6201865077018738,-1.0909651517868042,0.066600002348423
139,4.633333,0.739555835723877,1.8028723001480103,-1.0854878425598145,0.8278224468231201,-0.6201865077018738,-1.0909651517868042,0.066600002348423,0.739555835723877,1.8028723001480103,-1.0854878425598145,0.8278224468231201,-0.6201865077018738,-1.0909651517868042,0.06939999759197235
140,4.666667,0.739555835723877,1.8028723001480103,-1.0854878425598145,0.8278224468231201,-0.6201865077018738,-1.0909651517868042,0.06939999759197235,0.739555835723877,1.8028723001480103,-1.0854878425598145,0.8278224468231201,-0.6201865077018738,-1.0909651517868042,0.07109999656677246
141,4.700000,0.739555835723877,1.8028723001480103,-1.0854878425598145,0.8278224468231201,-0.6201865077018738,-1.0909651517868042,0.07109999656677246,0.739555835723877,1.8028723001480103,-1.0854878425598145,0.8278224468231201,-0.6201865077018738,-1.0909651517868042,0.07159999758005142
142,4.733333,0.739555835723877,1.8028723001480103,-1.0854878425598145,0.8278224468231201,-0.6201865077018738,-1.0909651517868042,0.07159999758005142,0.739555835723877,1.8028723001480103,-1.0854878425598145,0.8278224468231201,-0.6226286888122559,-1.0909651517868042,0.07169999927282333
143,4.766667,0.739555835723877,1.8028723001480103,-1.0854878425598145,0.8278224468231201,-0.6226286888122559,-1.0909651517868042,0.07169999927282333,0.739555835723877,1.8028723001480103,-1.0854878425598145,0.8278224468231201,-0.6225240230560303,-1.0914536714553833,0.07190000265836716
144,4.800000,0.739555835723877,1.8028723001480103,-1.0854878425598145,0.8278224468231201,-0.6225240230560303,-1.0914536714553833,0.07190000265836716,0.739555835723877,1.8028723001480103,-1.0854878425598145,0.8278224468231201,-0.6248266100883484,-1.09806489944458,0.07199999690055847
145,4.833333,0.739555835723877,1.8028723001480103,-1.0854878425598145,0.8278224468231201,-0.6248266100883484,-1.09806489944458,0.07199999690055847,0.739555835723877,1.8006569147109985,-1.0854878425598145,0.8342592716217041,-0.6248266100883484,-1.1041877269744873,0.07199999690055847
146,4.866667,0.739555835723877,1.8006569147109985,-1.0854878425598145,0.8342592716217041,-0.6248266100883484,-1.1041877269744873,0.07199999690055847,0.739555835723877,1.7941502332687378,-1.0854878425598145,0.8425800800323486,-0.6248266100883484,-1.1098047494888306,0.07199999690055847
147,4.900000,0.739555835723877,1.7941502332687378,-1.0854878425598145,0.8425800800323486,-0.6248266100883484,-1.1098047494888306,0.07199999690055847,0.739555835723877,1.785759687423706,-1.0854878425598145,0.8548955321311951,-0.6248266100883484,-1.1127876043319702,0.07199999690055847
148,4.933333,0.739555835723877,1.785759687423706,-1.0854878425598145,0.8548955321311951,-0.6248266100883484,-1.1127876043319702,0.07199999690055847,0.739555835723877,1.7746130228042603,-1.0854878425598145,0.8671935796737671,-0.6248266100883484,-1.1142005920410156,0.07199999690055847
149,4.966667,0.739555835723877,1.7746130228042603,-1.0854878425598145,0.8671935796737671,-0.6248266100883484,-1.1142005920410156,0.07199999690055847,0.739555835723877,1.7617567777633667,-1.0854878425598145,0.8750259280204773,-0.6248266100883484,-1.1151251792907715,0.07199999690055847
150,5.000000,0.739555835723877,1.7617567777633667,-1.0854878425598145,0.8750259280204773,-0.6248266100883484,-1.1151251792907715,0.07199999690055847,0.739555835723877,1.7460746765136719,-1.0854878425598145,0.8834339380264282,-0.620134174823761,-1.1169567108154297,0.07199999690055847
151,5.033333,0.739555835723877,1.7460746765136719,-1.0854878425598145,0.8834339380264282,-0.620134174823761,-1.1169567108154297,0.07199999690055847,0.739555835723877,1.7324682474136353,-1.0854878425598145,0.8874983787536621,-0.615476667881012,-1.1169567108154297,0.07199999690055847
152,5.066667,0.739555835723877,1.7324682474136353,-1.0854878425598145,0.8874983787536621,-0.615476667881012,-1.1169567108154297,0.07199999690055847,0.739555835723877,1.7189841270446777,-1.0876857042312622,0.8917896151542664,-0.6064929962158203,-1.1169567108154297,0.07199999690055847
153,5.100000,0.739555835723877,1.7189841270446777,-1.0876857042312622,0.8917896151542664,-0.6064929962158203,-1.1169567108154297,0.07199999690055847,0.739555835723877,1.7050114870071411,-1.0876857042312622,0.8986451029777527,-0.602393627166748,-1.1169567108154297,0.07199999690055847
154,5.133333,0.739555835723877,1.7050114870071411,-1.0876857042312622,0.8986451029777527,-0.602393627166748,-1.1169567108154297,0.07199999690055847,0.739555835723877,1.6879686117172241,-1.0876857042312622,0.9134027361869812,-0.5872347950935364,-1.129010558128357,0.07199999690055847
155,5.166667,0.739555835723877,1.6879686117172241,-1.0876857042312622,0.9134027361869812,-0.5872347950935364,-1.129010558128357,0.07199999690055847,0.739555835723877,1.672338843345642,-1.0876857042312622,0.9330970048904419,-0.5762799978256226,-1.1471174955368042,0.07199999690055847
156,5.200000,0.739555835723877,1.672338843345642,-1.0876857042312622,0.9330970048904419,-0.5762799978256226,-1.1471174955368042,0.07199999690055847,0.739555835723877,1.6555054187774658,-1.0876857042312622,0.9660138487815857,-0.5614874958992004,-1.1786212921142578,0.07199999690055847
157,5.233333,0.739555835723877,1.6555054187774658,-1.0876857042312622,0.9660138487815857,-0.5614874958992004,-1.1786212921142578,0.07199999690055847,0.739555835723877,1.6377997398376465,-1.0876857042312622,0.9975002408027649,-0.5545273423194885,-1.2056769132614136,0.07199999690055847
158,5.266667,0.739555835723877,1.6377997398376465,-1.0876857042312622,0.9975002408027649,-0.5545273423194885,-1.2056769132614136,0.07199999690055847,0.739555835723877,1.6153143644332886,-1.0876857042312622,1.050407886505127,-0.5403802394866943,-1.2468971014022827,0.07199999690055847
159,5.300000,0.739555835723877,1.6153143644332886,-1.0876857042312622,1.050407886505127,-0.5403802394866943,-1.2468971014022827,0.07199999690055847,0.739555835723877,1.5944514274597168,-1.0876857042312622,1.1026700735092163,-0.5308383703231812,-1.289966344833374,0.07119999825954437
160,5.333333,0.739555835723877,1.5944514274597168,-1.0876857042312622,1.1026700735092163,-0.5308383703231812,-1.289966344833374,0.07119999825954437,0.739555835723877,1.5718439817428589,-1.0876857042312622,1.1697946786880493,-0.5171622633934021,-1.354299783706665,0.07029999792575836
161,5.366667,0.739555835723877,1.5718439817428589,-1.0876857042312622,1.1697946786880493,-0.5171622633934021,-1.354299783706665,0.07029999792575836,0.739555835723877,1.5447708368301392,-1.0855226516723633,1.2270982265472412,-0.5109347701072693,-1.4169063568115234,0.06920000165700912
162,5.400000,0.739555835723877,1.5447708368301392,-1.0855226516723633,1.2270982265472412,-0.5109347701072693,-1.4169063568115234,0.06920000165700912,0.739555835723877,1.5206109285354614,-1.0780915021896362,1.284401774406433,-0.507097065448761,-1.4865602254867554,0.06800000369548798
163,5.433333,0.739555835723877,1.5206109285354614,-1.0780915021896362,1.284401774406433,-0.507097065448761,-1.4865602254867554,0.06800000369548798,0.739555835723877,1.4964160919189453,-1.0646421909332275,1.314946174621582,-0.5004334449768066,-1.5276408195495605,0.06650000065565109
164,5.466667,0.739555835723877,1.4964160919189453,-1.0646421909332275,1.314946174621582,-0.5004334449768066,-1.5276408195495605,0.06650000065565109,0.739555835723877,1.4690115451812744,-1.0481750965118408,1.3435194492340088,-0.4976598620414734,-1.570657730102539,0.06379999965429306
165,5.500000,0.739555835723877,1.4690115451812744,-1.0481750965118408,1.3435194492340088,-0.4976598620414734,-1.570657730102539,0.06379999965429306,0.739555835723877,1.4507651329040527,-1.0284982919692993,1.3558871746063232,-0.49628180265426636,-1.5925151109695435,0.05959999933838844
166,5.533333,0.739555835723877,1.4507651329040527,-1.0284982919692993,1.3558871746063232,-0.49628180265426636,-1.5925151109695435,0.05959999933838844,0.739555835723877,1.4261691570281982,-1.0075829029083252,1.3663362264633179,-0.4937524199485779,-1.6158726215362549,0.05420000106096268
167,5.566667,0.739555835723877,1.4261691570281982,-1.0075829029083252,1.3663362264633179,-0.4937524199485779,-1.6158726215362549,0.05420000106096268,0.739555835723877,1.4051491022109985,-0.9828298687934875,1.3701214790344238,-0.4937524199485779,-1.6323572397232056,0.04729999974370003
168,5.600000,0.739555835723877,1.4051491022109985,-0.9828298687934875,1.3701214790344238,-0.4937524199485779,-1.6323572397232056,0.04729999974370003,0.739555835723877,1.383344054222107,-0.9650020599365234,1.3719007968902588,-0.4937524199485779,-1.646103024482727,0.042399998754262924
169,5.633333,0.739555835723877,1.383344054222107,-0.9650020599365234,1.3719007968902588,-0.4937524199485779,-1.646103024482727,0.042399998754262924,0.739555835723877,1.3588875532150269,-0.9394640922546387,1.3750755786895752,-0.4937524199485779,-1.654720425605774,0.03579999879002571
170,5.666667,0.739555835723877,1.3588875532150269,-0.9394640922546387,1.3750755786895752,-0.4937524199485779,-1.654720425605774,0.03579999879002571,0.739555835723877,1.3283780813217163,-0.9169089794158936,1.3767328262329102,-0.4937524199485779,-1.659255862236023,0.030700000002980232
171,5.700000,0.739555835723877,1.3283780813217163,-0.9169089794158936,1.3767328262329102,-0.4937524199485779,-1.659255862236023,0.030700000002980232,0.739555835723877,1.300554871559143,-0.8906906247138977,1.3790528774261475,-0.4937524199485779,-1.659255862236023,0.02539999969303608
172,5.733333,0.739555835723877,1.300554871559143,-0.8906906247138977,1.3790528774261475,-0.4937524199485779,-1.659255862236023,0.02539999969303608,0.739555835723877,1.2682485580444336,-0.869810163974762,1.3790528774261475,-0.49146726727485657,-1.6637214422225952,0.020899999886751175
173,5.766667,0.739555835723877,1.2682485580444336,-0.869810163974762,1.3790528774261475,-0.49146726727485657,-1.6637214422225952,0.020899999886751175,0.739555835723877,1.2456586360931396,-0.8502728939056396,1.3790528774261475,-0.4890599846839905,-1.6670184135437012,0.015599999576807022
174,5.800000,0.739555835723877,1.2456586360931396,-0.8502728939056396,1.3790528774261475,-0.4890599846839905,-1.6670184135437012,0.015599999576807022,0.739555835723877,1.2158119678497314,-0.8318520188331604,1.3790528774261475,-0.4863736033439636,-1.6736122369766235,0.009399999864399433
175,5.833333,0.739555835723877,1.2158119678497314,-0.8318520188331604,1.3790528774261475,-0.4863736033439636,-1.6736122369766235,0.009399999864399433,0.739555835723877,1.1937801837921143,-0.8120007514953613,1.3790528774261475,-0.4863736033439636,-1.6757752895355225,0.003599999938160181
176,5.866667,0.739555835723877,1.1937801837921143,-0.8120007514953613,1.3790528774261475,-0.4863736033439636,-1.6757752895355225,0.003599999938160181,0.739555835723877,1.1755861043930054,-0.7991794347763062,1.3790528774261475,-0.4863736033439636,-1.6807467937469482,0.0017999999690800905
177,5.900000,0.739555835723877,1.1755861043930054,-0.7991794347763062,1.3790528774261475,-0.4863736033439636,-1.6807467937469482,0.0017999999690800905,0.739555835723877,1.1619971990585327,-0.7832181453704834,1.3809891939163208,-0.4863736033439636,-1.682979702949524,0.0007999999797903001
178,5.933333,0.739555835723877,1.1619971990585327,-0.7832181453704834,1.3809891939163208,-0.4863736033439636,-1.682979702949524,0.0007999999797903001,0.739555835723877,1.153868317604065,-0.775368332862854,1.3809891939163208,-0.4863736033439636,-1.682979702949524,0.00039999998989515007
179,5.966667,0.739555835723877,1.153868317604065,-0.775368332862854,1.3809891939163208,-0.4863736033439636,-1.682979702949524,0.00039999998989515007,0.739555835723877,1.1500829458236694,-0.7709898948669434,1.3827509880065918,-0.4863736033439636,-1.6847764253616333,0.00019999999494757503
180,6.000000,0.739555835723877,1.1500829458236694,-0.7709898948669434,1.3827509880065918,-0.4863736033439636,-1.6847764253616333,0.00019999999494757503,0.739555835723877,1.1491235494613647,-0.7713388204574585,1.3827683925628662,-0.4887285530567169,-1.6847764253616333,9.999999747378752e-05
181,6.033333,0.739555835723877,1.1491235494613647,-0.7713388204574585,1.3827683925628662,-0.4887285530567169,-1.6847764253616333,9.999999747378752e-05,0.739555835723877,1.1491235494613647,-0.7713388204574585,1.3827683925628662,-0.4936128556728363,-1.6847764253616333,9.999999747378752e-05
182,6.066667,0.739555835723877,1.1491235494613647,-0.7713388204574585,1.3827683925628662,-0.4936128556728363,-1.6847764253616333,9.999999747378752e-05,0.739555835723877,1.1475012302398682,-0.7713388204574585,1.3827683925628662,-0.4952177107334137,-1.6847764253616333,0.0
183,6.100000,0.739555835723877,1.1475012302398682,-0.7713388204574585,1.3827683925628662,-0.4952177107334137,-1.6847764253616333,0.0,0.739555835723877,1.1475012302398682,-0.7713388204574585,1.3827683925628662,-0.5004334449768066,-1.6866604089736938,0.0
184,6.133333,0.739555835723877,1.1475012302398682,-0.7713388204574585,1.3827683925628662,-0.5004334449768066,-1.6866604089736938,0.0,0.739555835723877,1.1475012302398682,-0.7713388204574585,1.3827683925628662,-0.5031198263168335,-1.6866604089736938,0.0
185,6.166667,0.739555835723877,1.1475012302398682,-0.7713388204574585,1.3827683925628662,-0.5031198263168335,-1.6866604089736938,0.0,0.739555835723877,1.1475012302398682,-0.7713388204574585,1.3827683925628662,-0.5056318044662476,-1.6885966062545776,0.0
186,6.200000,0.739555835723877,1.1475012302398682,-0.7713388204574585,1.3827683925628662,-0.5056318044662476,-1.6885966062545776,0.0,0.739555835723877,1.1475012302398682,-0.7713388204574585,1.3827683925628662,-0.5083355903625488,-1.6885966062545776,0.0
187,6.233333,0.739555835723877,1.1475012302398682,-0.7713388204574585,1.3827683925628662,-0.5083355903625488,-1.6885966062545776,0.0,0.739555835723877,1.1475012302398682,-0.7713388204574585,1.3827683925628662,-0.510446310043335,-1.6885966062545776,0.0
188,6.266667,0.739555835723877,1.1475012302398682,-0.7713388204574585,1.3827683925628662,-0.510446310043335,-1.6885966062545776,0.0,0.739555835723877,1.1475012302398682,-0.7713388204574585,1.3827683925628662,-0.5128710269927979,-1.6885966062545776,0.0
189,6.300000,0.739555835723877,1.1475012302398682,-0.7713388204574585,1.3827683925628662,-0.5128710269927979,-1.6885966062545776,0.0,0.739555835723877,1.1475012302398682,-0.7713388204574585,1.3827683925628662,-0.5152085423469543,-1.6885966062545776,0.0
190,6.333333,0.739555835723877,1.1475012302398682,-0.7713388204574585,1.3827683925628662,-0.5152085423469543,-1.6885966062545776,0.0,0.739555835723877,1.1475012302398682,-0.7713388204574585,1.3827683925628662,-0.5170401334762573,-1.6885966062545776,0.0
191,6.366667,0.739555835723877,1.1475012302398682,-0.7713388204574585,1.3827683925628662,-0.5170401334762573,-1.6885966062545776,0.0,0.739555835723877,1.1475012302398682,-0.7713388204574585,1.3827683925628662,-0.5158190727233887,-1.6885966062545776,0.0
192,6.400000,0.739555835723877,1.1475012302398682,-0.7713388204574585,1.3827683925628662,-0.5158190727233887,-1.6885966062545776,0.0,0.739555835723877,1.1475012302398682,-0.7713388204574585,1.3827683925628662,-0.5158190727233887,-1.6885966062545776,0.0
193,6.433333,0.739555835723877,1.1475012302398682,-0.7713388204574585,1.3827683925628662,-0.5158190727233887,-1.6885966062545776,0.0,0.739555835723877,1.1475012302398682,-0.7713388204574585,1.3827683925628662,-0.5177379250526428,-1.6885966062545776,0.0
194,6.466667,0.739555835723877,1.1475012302398682,-0.7713388204574585,1.3827683925628662,-0.5177379250526428,-1.6885966062545776,0.0,0.739555835723877,1.1475012302398682,-0.7713388204574585,1.3827683925628662,-0.5175983905792236,-1.6885966062545776,0.0
195,6.500000,0.739555835723877,1.1475012302398682,-0.7713388204574585,1.3827683925628662,-0.5175983905792236,-1.6885966062545776,0.0,0.739555835723877,1.1475012302398682,-0.7713388204574585,1.3827683925628662,-0.5175983905792236,-1.6885966062545776,0.0
196,6.533333,0.739555835723877,1.1475012302398682,-0.7713388204574585,1.3827683925628662,-0.5175983905792236,-1.6885966062545776,0.0,0.739555835723877,1.1475012302398682,-0.7713388204574585,1.3827683925628662,-0.5175983905792236,-1.6885966062545776,0.0
197,6.566667,0.739555835723877,1.1475012302398682,-0.7713388204574585,1.3827683925628662,-0.5175983905792236,-1.6885966062545776,0.0,0.739555835723877,1.1475012302398682,-0.7713388204574585,1.3827683925628662,-0.5175983905792236,-1.6885966062545776,0.0
198,6.600000,0.739555835723877,1.1475012302398682,-0.7713388204574585,1.3827683925628662,-0.5175983905792236,-1.6885966062545776,0.0,0.739555835723877,1.1475012302398682,-0.7713388204574585,1.3827683925628662,-0.5175983905792236,-1.6885966062545776,0.0
199,6.633333,0.739555835723877,1.1475012302398682,-0.7713388204574585,1.3827683925628662,-0.5175983905792236,-1.6885966062545776,0.0,0.739555835723877,1.1475012302398682,-0.7713388204574585,1.3827683925628662,-0.5175983905792236,-1.6885966062545776,0.0
200,6.666667,0.739555835723877,1.1475012302398682,-0.7713388204574585,1.3827683925628662,-0.5175983905792236,-1.6885966062545776,0.0,0.739555835723877,1.1475012302398682,-0.7713388204574585,1.3827683925628662,-0.5175983905792236,-1.6885966062545776,0.0
201,6.700000,0.739555835723877,1.1475012302398682,-0.7713388204574585,1.3827683925628662,-0.5175983905792236,-1.6885966062545776,0.0,0.739555835723877,1.1475012302398682,-0.7713388204574585,1.3827683925628662,-0.5175983905792236,-1.6885966062545776,0.0
202,6.733333,0.739555835723877,1.1475012302398682,-0.7713388204574585,1.3827683925628662,-0.5175983905792236,-1.6885966062545776,0.0,0.739555835723877,1.1475012302398682,-0.7713388204574585,1.3827683925628662,-0.5175983905792236,-1.6885966062545776,0.0
203,6.766667,0.739555835723877,1.1475012302398682,-0.7713388204574585,1.3827683925628662,-0.5175983905792236,-1.6885966062545776,0.0,0.739555835723877,1.1475012302398682,-0.7713388204574585,1.3827683925628662,-0.5175983905792236,-1.6885966062545776,0.0
204,6.800000,0.739555835723877,1.1475012302398682,-0.7713388204574585,1.3827683925628662,-0.5175983905792236,-1.6885966062545776,0.0,0.739555835723877,1.1475012302398682,-0.7713388204574585,1.3827683925628662,-0.5175983905792236,-1.6885966062545776,0.0
205,6.833333,0.739555835723877,1.1475012302398682,-0.7713388204574585,1.3827683925628662,-0.5175983905792236,-1.6885966062545776,0.0,0.739555835723877,1.1475012302398682,-0.7713388204574585,1.3827683925628662,-0.5175983905792236,-1.6885966062545776,0.0
206,6.866667,0.739555835723877,1.1475012302398682,-0.7713388204574585,1.3827683925628662,-0.5175983905792236,-1.6885966062545776,0.0,0.739555835723877,1.1475012302398682,-0.7713388204574585,1.3827683925628662,-0.5175983905792236,-1.6885966062545776,0.0
207,6.900000,0.739555835723877,1.1475012302398682,-0.7713388204574585,1.3827683925628662,-0.5175983905792236,-1.6885966062545776,0.0,0.739555835723877,1.1475012302398682,-0.7713388204574585,1.3827683925628662,-0.5175983905792236,-1.6885966062545776,0.0
208,6.933333,0.739555835723877,1.1475012302398682,-0.7713388204574585,1.3827683925628662,-0.5175983905792236,-1.6885966062545776,0.0,0.739555835723877,1.1475012302398682,-0.7713388204574585,1.3827683925628662,-0.5175983905792236,-1.6885966062545776,0.0
209,6.966667,0.739555835723877,1.1475012302398682,-0.7713388204574585,1.3827683925628662,-0.5175983905792236,-1.6885966062545776,0.0,0.739555835723877,1.1475012302398682,-0.7713388204574585,1.3827683925628662,-0.5175983905792236,-1.6885966062545776,0.0
